[
{"area_title":"Northeast Maine nonmetropolitan area","area_type":"NMSA","occ_code":"45-0000","occ_title":"Farming, Fishing, and Forestry Occupations","tot_emp":"620","jobs_1000":"8.784","h_mean":"20.51","a_mean":"42660","h_pct25":"15.89","h_median":"18.26","h_pct75":"23.53","a_pct25":"33050","a_median":"37980","a_pct75":"48950"},
{"area_title":"Northeast Maine nonmetropolitan area","area_type":"NMSA","occ_code":"45-1011","occ_title":"First-Line Supervisors of Farming, Fishing, and Forestry Workers","tot_emp":"60","jobs_1000":"0.85","h_mean":"27.81","a_mean":"57840","h_pct25":"24.35","h_median":"27.62","h_pct75":"34.13","a_pct25":"50650","a_median":"57450","a_pct75":"70980"},
{"area_title":"Northeast Maine nonmetropolitan area","area_type":"NMSA","occ_code":"45-2092","occ_title":"Farmworkers and Laborers, Crop, Nursery, and Greenhouse","tot_emp":"90","jobs_1000":"1.268","h_mean":"17.08","a_mean":"35520","h_pct25":"15.61","h_median":"17.27","h_pct75":"18.96","a_pct25":"32480","a_median":"35920","a_pct75":"39430"},
{"area_title":"Northeast Maine nonmetropolitan area","area_type":"NMSA","occ_code":"45-4022","occ_title":"Logging Equipment Operators","tot_emp":"400","jobs_1000":"5.643","h_mean":"19.6","a_mean":"40770","h_pct25":"15.48","h_median":"17.63","h_pct75":"20.12","a_pct25":"32210","a_median":"36670","a_pct75":"41850"},
{"area_title":"Southwest Maine nonmetropolitan area","area_type":"NMSA","occ_code":"45-0000","occ_title":"Farming, Fishing, and Forestry Occupations","tot_emp":"620","jobs_1000":"3.228","h_mean":"20.09","a_mean":"41790","h_pct25":"15.73","h_median":"19.23","h_pct75":"24.04","a_pct25":"32720","a_median":"40000","a_pct75":"50010"},
{"area_title":"Southwest Maine nonmetropolitan area","area_type":"NMSA","occ_code":"45-1011","occ_title":"First-Line Supervisors of Farming, Fishing, and Forestry Workers","tot_emp":"**","jobs_1000":"**","h_mean":"26.35","a_mean":"54810","h_pct25":"24.29","h_median":"26.64","h_pct75":"28.71","a_pct25":"50530","a_median":"55420","a_pct75":"59720"},
{"area_title":"Southwest Maine nonmetropolitan area","area_type":"NMSA","occ_code":"45-2092","occ_title":"Farmworkers and Laborers, Crop, Nursery, and Greenhouse","tot_emp":"70","jobs_1000":"0.342","h_mean":"15.18","a_mean":"31580","h_pct25":"13.21","h_median":"14.99","h_pct75":"17.11","a_pct25":"27480","a_median":"31170","a_pct75":"35600"},
{"area_title":"Southwest Maine nonmetropolitan area","area_type":"NMSA","occ_code":"45-4022","occ_title":"Logging Equipment Operators","tot_emp":"460","jobs_1000":"2.393","h_mean":"20.19","a_mean":"41990","h_pct25":"15.99","h_median":"19.33","h_pct75":"23.72","a_pct25":"33270","a_median":"40210","a_pct75":"49330"},
{"area_title":"Northeast Maine nonmetropolitan area","area_type":"NMSA","occ_code":"51-7041","occ_title":"Sawing Machine Setters, Operators, and Tenders, Wood","tot_emp":"190","jobs_1000":"2.649","h_mean":"18.23","a_mean":"37920","h_pct25":"14.23","h_median":"17.19","h_pct75":"21.77","a_pct25":"29610","a_median":"35760","a_pct75":"45280"},
{"area_title":"Southwest Maine nonmetropolitan area","area_type":"NMSA","occ_code":"51-7041","occ_title":"Sawing Machine Setters, Operators, and Tenders, Wood","tot_emp":"290","jobs_1000":"1.508","h_mean":"16.81","a_mean":"34970","h_pct25":"14.56","h_median":"16.68","h_pct75":"18.89","a_pct25":"30280","a_median":"34700","a_pct75":"39280"},
{"area_title":"Northeast Maine nonmetropolitan area","area_type":"NMSA","occ_code":"47-2031","occ_title":"Carpenters","tot_emp":"820","jobs_1000":"11.586","h_mean":"20.41","a_mean":"42440","h_pct25":"16.79","h_median":"20.76","h_pct75":"23.89","a_pct25":"34920","a_median":"43170","a_pct75":"49680"},
{"area_title":"Southwest Maine nonmetropolitan area","area_type":"NMSA","occ_code":"47-2031","occ_title":"Carpenters","tot_emp":"1780","jobs_1000":"9.195","h_mean":"21.07","a_mean":"43830","h_pct25":"17.06","h_median":"20.81","h_pct75":"25.35","a_pct25":"35470","a_median":"43280","a_pct75":"52740"},
{"area_title":"Northeast Maine nonmetropolitan area","area_type":"NMSA","occ_code":"53-3031","occ_title":"Driver/Sales Workers","tot_emp":"**","jobs_1000":"**","h_mean":"12.57","a_mean":"26150","h_pct25":"11.19","h_median":"11.57","h_pct75":"12.12","a_pct25":"23280","a_median":"24070","a_pct75":"25220"},
{"area_title":"Northeast Maine nonmetropolitan area","area_type":"NMSA","occ_code":"53-3032","occ_title":"Heavy and Tractor-Trailer Truck Drivers","tot_emp":"1640","jobs_1000":"23.224","h_mean":"17.63","a_mean":"36670","h_pct25":"13.19","h_median":"16.89","h_pct75":"20.46","a_pct25":"27440","a_median":"35130","a_pct75":"42560"},
{"area_title":"Southwest Maine nonmetropolitan area","area_type":"NMSA","occ_code":"53-3031","occ_title":"Driver/Sales Workers","tot_emp":"210","jobs_1000":"1.097","h_mean":"12.68","a_mean":"26380","h_pct25":"11.09","h_median":"11.82","h_pct75":"12.63","a_pct25":"23060","a_median":"24580","a_pct75":"26270"},
{"area_title":"Southwest Maine nonmetropolitan area","area_type":"NMSA","occ_code":"53-3032","occ_title":"Heavy and Tractor-Trailer Truck Drivers","tot_emp":"2460","jobs_1000":"12.71","h_mean":"19.74","a_mean":"41060","h_pct25":"16.83","h_median":"18.88","h_pct75":"22.23","a_pct25":"35000","a_median":"39260","a_pct75":"46250"},
{"area_title":"Northeast Maine nonmetropolitan area","area_type":"NMSA","occ_code":"51-1011","occ_title":"First-Line Supervisors of Production and Operating Workers","tot_emp":"330","jobs_1000":"4.68","h_mean":"28.54","a_mean":"59360","h_pct25":"22.41","h_median":"28.21","h_pct75":"33.3","a_pct25":"46610","a_median":"58670","a_pct75":"69270"},
{"area_title":"Southwest Maine nonmetropolitan area","area_type":"NMSA","occ_code":"51-1011","occ_title":"First-Line Supervisors of Production and Operating Workers","tot_emp":"1340","jobs_1000":"6.903","h_mean":"32.51","a_mean":"67630","h_pct25":"26.46","h_median":"32.9","h_pct75":"38.03","a_pct25":"55040","a_median":"68430","a_pct75":"79090"},
{"area_title":"Northeast Maine nonmetropolitan area","area_type":"NMSA","occ_code":"53-7051","occ_title":"Industrial Truck and Tractor Operators","tot_emp":"310","jobs_1000":"4.408","h_mean":"15.71","a_mean":"32670","h_pct25":"12.71","h_median":"14.62","h_pct75":"18.18","a_pct25":"26440","a_median":"30400","a_pct75":"37810"},
{"area_title":"Southwest Maine nonmetropolitan area","area_type":"NMSA","occ_code":"53-7051","occ_title":"Industrial Truck and Tractor Operators","tot_emp":"1300","jobs_1000":"6.743","h_mean":"15.94","a_mean":"33150","h_pct25":"13.34","h_median":"15.45","h_pct75":"18.25","a_pct25":"27740","a_median":"32130","a_pct75":"37970"},
{"area_title":"Northeast Maine nonmetropolitan area","area_type":"NMSA","occ_code":"51-9198","occ_title":"Helpers--Production Workers","tot_emp":"200","jobs_1000":"2.823","h_mean":"19.57","a_mean":"40710","h_pct25":"13.77","h_median":"20.54","h_pct75":"24.49","a_pct25":"28630","a_median":"42710","a_pct75":"50940"},
{"area_title":"Southwest Maine nonmetropolitan area","area_type":"NMSA","occ_code":"51-9198","occ_title":"Helpers--Production Workers","tot_emp":"460","jobs_1000":"2.386","h_mean":"16.32","a_mean":"33940","h_pct25":"12.04","h_median":"16","h_pct75":"19.33","a_pct25":"25050","a_median":"33280","a_pct75":"40210"},
{"area_title":"Northeast Maine nonmetropolitan area","area_type":"NMSA","occ_code":"53-7063","occ_title":"Machine Feeders and Offbearers","tot_emp":"90","jobs_1000":"1.223","h_mean":"15.67","a_mean":"32580","h_pct25":"13.38","h_median":"14.69","h_pct75":"16.32","a_pct25":"27830","a_median":"30550","a_pct75":"33950"},
{"area_title":"Southwest Maine nonmetropolitan area","area_type":"NMSA","occ_code":"53-7063","occ_title":"Machine Feeders and Offbearers","tot_emp":"70","jobs_1000":"0.348","h_mean":"13.94","a_mean":"29000","h_pct25":"11.65","h_median":"13.59","h_pct75":"15.88","a_pct25":"24230","a_median":"28270","a_pct75":"33030"},
{"area_title":"Northeast Maine nonmetropolitan area","area_type":"NMSA","occ_code":"53-7062","occ_title":"Laborers and Freight, Stock, and Material Movers, Hand","tot_emp":"560","jobs_1000":"7.899","h_mean":"14.7","a_mean":"30580","h_pct25":"12.09","h_median":"14.22","h_pct75":"17.08","a_pct25":"25150","a_median":"29570","a_pct75":"35520"},
{"area_title":"Southwest Maine nonmetropolitan area","area_type":"NMSA","occ_code":"53-7062","occ_title":"Laborers and Freight, Stock, and Material Movers, Hand","tot_emp":"1240","jobs_1000":"6.417","h_mean":"14.09","a_mean":"29300","h_pct25":"11.87","h_median":"12.88","h_pct75":"15.02","a_pct25":"24690","a_median":"26800","a_pct75":"31240"},
{"area_title":"Lewiston-Auburn, ME","area_type":"MSA","occ_code":"51-7041","occ_title":"Sawing Machine Setters, Operators, and Tenders, Wood","tot_emp":"**","jobs_1000":"**","h_mean":"17.74","a_mean":"36890","h_pct25":"13.5","h_median":"15.73","h_pct75":"21.47","a_pct25":"28080","a_median":"32720","a_pct75":"44660"},
{"area_title":"Lewiston-Auburn, ME","area_type":"MSA","occ_code":"51-7042","occ_title":"Woodworking Machine Setters, Operators, and Tenders, Except Sawing","tot_emp":"**","jobs_1000":"**","h_mean":"13.32","a_mean":"27710","h_pct25":"11.38","h_median":"11.75","h_pct75":"12.19","a_pct25":"23670","a_median":"24430","a_pct75":"25360"},
{"area_title":"Portland-South Portland, ME","area_type":"MSA","occ_code":"51-7041","occ_title":"Sawing Machine Setters, Operators, and Tenders, Wood","tot_emp":"40","jobs_1000":"0.186","h_mean":"18.28","a_mean":"38020","h_pct25":"16.11","h_median":"18.17","h_pct75":"20.64","a_pct25":"33510","a_median":"37790","a_pct75":"42940"},
{"area_title":"Portland-South Portland, ME","area_type":"MSA","occ_code":"51-7042","occ_title":"Woodworking Machine Setters, Operators, and Tenders, Except Sawing","tot_emp":"**","jobs_1000":"**","h_mean":"15.14","a_mean":"31490","h_pct25":"12.64","h_median":"14.19","h_pct75":"17.11","a_pct25":"26300","a_median":"29520","a_pct75":"35590"},
{"area_title":"Bangor, ME","area_type":"MSA","occ_code":"47-2031","occ_title":"Carpenters","tot_emp":"520","jobs_1000":"7.839","h_mean":"19.65","a_mean":"40880","h_pct25":"16.63","h_median":"19.15","h_pct75":"22.87","a_pct25":"34600","a_median":"39830","a_pct75":"47570"},
{"area_title":"Lewiston-Auburn, ME","area_type":"MSA","occ_code":"47-2031","occ_title":"Carpenters","tot_emp":"310","jobs_1000":"6.239","h_mean":"20.07","a_mean":"41740","h_pct25":"16.79","h_median":"19.84","h_pct75":"23.54","a_pct25":"34930","a_median":"41270","a_pct75":"48960"},
{"area_title":"Portland-South Portland, ME","area_type":"MSA","occ_code":"47-2031","occ_title":"Carpenters","tot_emp":"1480","jobs_1000":"7.048","h_mean":"21.84","a_mean":"45420","h_pct25":"18.93","h_median":"21.87","h_pct75":"24.89","a_pct25":"39380","a_median":"45500","a_pct75":"51760"},
{"area_title":"Bangor, ME","area_type":"MSA","occ_code":"51-1011","occ_title":"First-Line Supervisors of Production and Operating Workers","tot_emp":"150","jobs_1000":"2.317","h_mean":"33.49","a_mean":"69660","h_pct25":"23.07","h_median":"35.08","h_pct75":"42.44","a_pct25":"47990","a_median":"72970","a_pct75":"88270"},
{"area_title":"Lewiston-Auburn, ME","area_type":"MSA","occ_code":"51-1011","occ_title":"First-Line Supervisors of Production and Operating Workers","tot_emp":"270","jobs_1000":"5.343","h_mean":"28.73","a_mean":"59760","h_pct25":"24.97","h_median":"28.38","h_pct75":"31.98","a_pct25":"51940","a_median":"59030","a_pct75":"66520"},
{"area_title":"Portland-South Portland, ME","area_type":"MSA","occ_code":"51-1011","occ_title":"First-Line Supervisors of Production and Operating Workers","tot_emp":"660","jobs_1000":"3.148","h_mean":"29.29","a_mean":"60920","h_pct25":"23.17","h_median":"28.26","h_pct75":"34.89","a_pct25":"48200","a_median":"58770","a_pct75":"72580"},
{"area_title":"Bangor, ME","area_type":"MSA","occ_code":"53-7051","occ_title":"Industrial Truck and Tractor Operators","tot_emp":"80","jobs_1000":"1.234","h_mean":"16.98","a_mean":"35310","h_pct25":"13.98","h_median":"15.87","h_pct75":"18.57","a_pct25":"29070","a_median":"33010","a_pct75":"38630"},
{"area_title":"Lewiston-Auburn, ME","area_type":"MSA","occ_code":"53-7051","occ_title":"Industrial Truck and Tractor Operators","tot_emp":"340","jobs_1000":"6.857","h_mean":"19.77","a_mean":"41120","h_pct25":"18.15","h_median":"20.35","h_pct75":"22.44","a_pct25":"37760","a_median":"42320","a_pct75":"46670"},
{"area_title":"Portland-South Portland, ME","area_type":"MSA","occ_code":"53-7051","occ_title":"Industrial Truck and Tractor Operators","tot_emp":"1170","jobs_1000":"5.548","h_mean":"19.28","a_mean":"40100","h_pct25":"16.39","h_median":"19.07","h_pct75":"22.75","a_pct25":"34090","a_median":"39670","a_pct75":"47310"},
{"area_title":"Bangor, ME","area_type":"MSA","occ_code":"51-9198","occ_title":"Helpers--Production Workers","tot_emp":"50","jobs_1000":"0.816","h_mean":"12.92","a_mean":"26870","h_pct25":"11.34","h_median":"12.24","h_pct75":"13.66","a_pct25":"23590","a_median":"25460","a_pct75":"28410"},
{"area_title":"Lewiston-Auburn, ME","area_type":"MSA","occ_code":"51-9198","occ_title":"Helpers--Production Workers","tot_emp":"260","jobs_1000":"5.125","h_mean":"15.98","a_mean":"33230","h_pct25":"11.6","h_median":"14.63","h_pct75":"19.97","a_pct25":"24120","a_median":"30420","a_pct75":"41540"},
{"area_title":"Portland-South Portland, ME","area_type":"MSA","occ_code":"51-9198","occ_title":"Helpers--Production Workers","tot_emp":"300","jobs_1000":"1.413","h_mean":"15.68","a_mean":"32620","h_pct25":"13.03","h_median":"15.03","h_pct75":"17.95","a_pct25":"27090","a_median":"31250","a_pct75":"37340"},
{"area_title":"Lewiston-Auburn, ME","area_type":"MSA","occ_code":"53-7063","occ_title":"Machine Feeders and Offbearers","tot_emp":"70","jobs_1000":"1.371","h_mean":"14.11","a_mean":"29340","h_pct25":"12.26","h_median":"13.76","h_pct75":"16.13","a_pct25":"25500","a_median":"28620","a_pct75":"33540"},
{"area_title":"Bangor, ME","area_type":"MSA","occ_code":"53-7062","occ_title":"Laborers and Freight, Stock, and Material Movers, Hand","tot_emp":"810","jobs_1000":"12.232","h_mean":"13.81","a_mean":"28720","h_pct25":"11.38","h_median":"12.01","h_pct75":"16.32","a_pct25":"23670","a_median":"24980","a_pct75":"33940"},
{"area_title":"Lewiston-Auburn, ME","area_type":"MSA","occ_code":"53-7062","occ_title":"Laborers and Freight, Stock, and Material Movers, Hand","tot_emp":"720","jobs_1000":"14.532","h_mean":"14.19","a_mean":"29520","h_pct25":"11.87","h_median":"12.99","h_pct75":"15.72","a_pct25":"24690","a_median":"27010","a_pct75":"32690"},
{"area_title":"Portland-South Portland, ME","area_type":"MSA","occ_code":"53-7062","occ_title":"Laborers and Freight, Stock, and Material Movers, Hand","tot_emp":"1890","jobs_1000":"8.974","h_mean":"15.32","a_mean":"31860","h_pct25":"12.7","h_median":"14.83","h_pct75":"17.53","a_pct25":"26420","a_median":"30850","a_pct75":"36460"},
{"area_title":"Bangor, ME","area_type":"MSA","occ_code":"53-3032","occ_title":"Heavy and Tractor-Trailer Truck Drivers","tot_emp":"1290","jobs_1000":"19.638","h_mean":"20.34","a_mean":"42310","h_pct25":"16.35","h_median":"18.94","h_pct75":"23.84","a_pct25":"34020","a_median":"39400","a_pct75":"49600"},
{"area_title":"Lewiston-Auburn, ME","area_type":"MSA","occ_code":"53-3032","occ_title":"Heavy and Tractor-Trailer Truck Drivers","tot_emp":"1230","jobs_1000":"24.565","h_mean":"21.36","a_mean":"44430","h_pct25":"14.65","h_median":"19.51","h_pct75":"26.99","a_pct25":"30470","a_median":"40580","a_pct75":"56140"},
{"area_title":"Portland-South Portland, ME","area_type":"MSA","occ_code":"53-3032","occ_title":"Heavy and Tractor-Trailer Truck Drivers","tot_emp":"2500","jobs_1000":"11.876","h_mean":"21.32","a_mean":"44350","h_pct25":"18.16","h_median":"21.03","h_pct75":"24.34","a_pct25":"37780","a_median":"43740","a_pct75":"50620"},
{"area_title":"Bangor, ME","area_type":"MSA","occ_code":"45-0000","occ_title":"Farming, Fishing, and Forestry Occupations","tot_emp":"150","jobs_1000":"2.299","h_mean":"19.43","a_mean":"40410","h_pct25":"13.61","h_median":"17.99","h_pct75":"24.13","a_pct25":"28310","a_median":"37420","a_pct75":"50190"},
{"area_title":"Bangor, ME","area_type":"MSA","occ_code":"45-4022","occ_title":"Logging Equipment Operators","tot_emp":"110","jobs_1000":"1.641","h_mean":"20.67","a_mean":"43000","h_pct25":"14.31","h_median":"19.43","h_pct75":"25.82","a_pct25":"29760","a_median":"40420","a_pct75":"53710"},
{"area_title":"Lewiston-Auburn, ME","area_type":"MSA","occ_code":"45-0000","occ_title":"Farming, Fishing, and Forestry Occupations","tot_emp":"50","jobs_1000":"1.083","h_mean":"14.41","a_mean":"29970","h_pct25":"11.36","h_median":"14.06","h_pct75":"17.3","a_pct25":"23630","a_median":"29250","a_pct75":"35980"},
{"area_title":"Portland-South Portland, ME","area_type":"MSA","occ_code":"45-0000","occ_title":"Farming, Fishing, and Forestry Occupations","tot_emp":"290","jobs_1000":"1.383","h_mean":"18.14","a_mean":"37740","h_pct25":"14.57","h_median":"17.57","h_pct75":"21.08","a_pct25":"30310","a_median":"36550","a_pct75":"43840"},
{"area_title":"Portland-South Portland, ME","area_type":"MSA","occ_code":"45-1011","occ_title":"First-Line Supervisors of Farming, Fishing, and Forestry Workers","tot_emp":"50","jobs_1000":"0.251","h_mean":"22.16","a_mean":"46090","h_pct25":"17.97","h_median":"21.96","h_pct75":"26.98","a_pct25":"37390","a_median":"45680","a_pct75":"56130"},
{"area_title":"Portland-South Portland, ME","area_type":"MSA","occ_code":"45-2092","occ_title":"Farmworkers and Laborers, Crop, Nursery, and Greenhouse","tot_emp":"50","jobs_1000":"0.25","h_mean":"14.41","a_mean":"29970","h_pct25":"11.67","h_median":"12.33","h_pct75":"16.98","a_pct25":"24270","a_median":"25650","a_pct75":"35320"},
{"area_title":"Portland-South Portland, ME","area_type":"MSA","occ_code":"45-2093","occ_title":"Farmworkers, Farm, Ranch, and Aquacultural Animals","tot_emp":"80","jobs_1000":"0.401","h_mean":"16.28","a_mean":"33860","h_pct25":"14.29","h_median":"16.27","h_pct75":"18.29","a_pct25":"29730","a_median":"33840","a_pct75":"38050"},
{"area_title":"Portland-South Portland, ME","area_type":"MSA","occ_code":"45-4022","occ_title":"Logging Equipment Operators","tot_emp":"**","jobs_1000":"**","h_mean":"19.25","a_mean":"40040","h_pct25":"16.79","h_median":"19.23","h_pct75":"22.5","a_pct25":"34910","a_median":"40000","a_pct75":"46810"}
]
